create database integrate_test DEFAULT CHARSET=utf8;


create table integrate_test.t(a int key, b int) ENGINE=InnoDB DEFAULT CHARSET=utf8;

insert into integrate_test.t(a, b) values(0,1), (2,3);

select a, b c from integrate_test.t where a in (0,1,2) order by a desc;
a	c
2	3
0	1

select c from integrate_test.t;
ERROR 1054 (42S22): Unknown column 'c' in 'field list'

drop table integrate_test.t;


drop database integrate_test;
